{"cameraMode":{"drawMode":0,"name":"Shaded","section":"Shading Mode"},"sceneLighting":true,"audioPlay":false,"sceneViewState":{"m_AlwaysRefresh":false,"showFog":true,"showSkybox":true,"showFlares":true,"showImageEffects":true,"showParticleSystems":true,"showVisualEffectGraphs":true,"m_FxEnabled":true},"in2DMode":false,"pivot":{"x":3.2390620708465578,"y":0.8274174928665161,"z":-0.23184359073638917},"rotation":{"x":-0.2787456214427948,"y":0.028514349833130838,"z":-0.008282993920147419,"w":-0.9599276781082153},"size":1.0392203330993653,"orthographic":false}